Text,Sentiment
"The court ruled in favor of the plaintiff, awarding full compensation.","Positive"
"The contract terms were deemed unfair and unenforceable by the judge.","Negative"
"The legal review concluded with no significant issues identified.","Neutral"
"The attorney provided exceptional support during the trial.","Positive"
"The settlement negotiations broke down due to irreconcilable differences.","Negative"
"The new law ensures equal rights for all citizens without bias.","Positive"
"The dispute resolution process was delayed indefinitely.","Negative"
"The legal document was clear and well-structured for all parties.","Neutral"
"The client was dissatisfied with the prolonged court proceedings.","Negative"
"The arbitration panel upheld the original agreement terms.","Neutral"
"The lawyer’s strategy led to a successful case outcome.","Positive"
"The appeal was rejected due to insufficient evidence.","Negative"
"The policy update was met with widespread approval in the industry.","Positive"
"The case file contained several procedural errors.","Negative"
"The mediation session resulted in a fair compromise.","Neutral"
"The judge praised the defendant’s compliance with regulations.","Positive"
"The contract dispute escalated to a costly lawsuit.","Negative"
"The legal advice was impartial and well-reasoned.","Neutral"
"The client celebrated the favorable verdict after months of effort.","Positive"
"The regulatory changes imposed heavy fines on the company.","Negative"
"The court hearing proceeded smoothly with no objections.","Neutral"
"The defense attorney’s argument was compelling and convincing.","Positive"
"The merger agreement faced significant legal challenges.","Negative"
"The legal team ensured transparency throughout the process.","Neutral"
"The ruling strengthened the rights of small business owners.","Positive"